title;description;content;url;image;publishedAt;source;Texto
"Governo antecipa calendário do auxílio emergencial; veja datas";Medida foi anunciada pelo presidente Jair Bolsonaro em transmissão nas redes sociais;"BRASÍLIA — O governo anunciou, nesta quinta-feira, a antecipação do calendário da primeira parcela do auxílio emergencial, durante a transmissão semanal do presidente Jair Bolsonaro nas redes sociais.
Os beneficiários nascidos em janeiro poderão tran... [774 chars]";https://oglobo.globo.com/economia/governo-antecipa-calendario-do-auxilio-emergencial-veja-datas-24973174;https://ogimg.infoglobo.com.br/in/24957996-1d5-e2f/FT1086A/92351477_Manaus-AM-05-04-2021Fila-para-Auxilio-Emergencial-em-ManausPessoas-nascidas-em-janeir.jpg;2021-04-15T22:43:00Z;O Globo;"BRASÍLIA — O governo anunciou, nesta quinta-feira, a antecipação do calendário da primeira parcela do auxílio emergencial, durante a transmissão semanal do presidente Jair Bolsonaro nas redes sociais. 
BRASÍLIA — O governo anunciou, nesta quinta-feira, a antecipação do calendário da primeira parcela do auxílio emergencial, durante a transmissão semanal do presidente Jair Bolsonaro nas redes sociais. 
Os beneficiários nascidos em janeiro poderão transferir ou sacar os valores de suas contas poupanças digitais na Caixa Econômica Federal no dia 30 de abril. Antes, o saque só seria possível no dia 4 de maio. 
A antecipação permite, ainda, que todos os beneficiários possam realizar transferências e saques da primeira parcela até o dia 17 de maio. No calendário anterior, a última data de saque estava prevista para o dia 4 de junho.  
Junto com o novo calendário de saques, o governo anunciou também a antecipação do calendário de crédito em conta. Os beneficiários nascidos em novembro e dezembro vão receber os valores do auxílio emergencial nos dias 28 e 29 de abril, respectivamente. 
 
O Globo, um jornal nacional: Fique por dentro da evolução do jornal mais lido do Brasil

Os comentários são de responsabilidade exclusiva de seus autores e não
representam a opinião deste site. Se achar algo que viole os termos de
uso, denuncie. Leia as perguntas mais frequentes para saber o que é
impróprio ou ilegal


© 1996 - 2021. Todos direitos reservados a Editora Globo S/A. Este material não pode ser publicado, transmitido por broadcast, reescrito ou redistribuído sem autorização.

"
Cármen Lúcia dá cinco dias para Lira explicar não abertura de impeachment contra Bolsonaro;A ministra Cármen Lúcia, do STF, deu um prazo de cinco dias para que o presidente da Câmara, Arthur Lira, explique a não abertura dos processos de impeachment contra Jair Bolsonaro, que enfrenta mais de cem pedidos pelo seu afastamento;"A ministra Cármen Lúcia, do STF, deu um prazo de cinco dias para que o presidente da Câmara, Arthur Lira, explique a não abertura dos processos de impeachment contra Jair Bolsonaro, que enfrenta mais de cem pedidos pelo seu afastamento edit
247 - A m... [2308 chars]";https://www.brasil247.com/brasil/carmen-lucia-da-cinco-dias-para-lira-explicar-nao-abertura-de-impeachment-contra-bolsonaro;https://publisher-publish.s3.eu-central-1.amazonaws.com/pb-brasil247/swp/jtjeq9/media/2020081121084_bdec213c-44f8-4f6d-8552-98755ac35b3a.jpeg;2021-04-15T22:38:37Z;Brasil 247;"A ministra Cármen Lúcia, do STF, deu um prazo de cinco dias para que o presidente da Câmara, Arthur Lira, explique a não abertura dos processos de impeachment contra Jair Bolsonaro, que enfrenta mais de cem pedidos pelo seu afastamento
edit
A ministra Cármen Lúcia, do STF, deu um prazo de cinco dias para que o presidente da Câmara, Arthur Lira, explique a não abertura dos processos de impeachment contra Jair Bolsonaro, que enfrenta mais de cem pedidos pelo seu afastamento
edit






247 - A ministra Cármen Lúcia, do Supremo Tribunal Federal (STF), deu um prazo de cinco dias para que o presidente da Câmara dos Deputados, Arthur Lira, explique a não abertura dos processos de impeachment contra Jair Bolsonaro, que enfrenta mais de cem pedidos pelo seu afastamento.
As centenas de pedidos de impeachment estão engavetadas na mesa da Câmara desde o predecessor de Lira, Rodrigo Maia (DEM), que também não quis levar adiante a discussão do afastamento de Bolsonaro, apesar deste estar promovendo um genocídio com sua política irresponsável.
A decisão de Lúcia ocorre em resposta a um mandado de injunção do advogado Ronan Botelho, que afirma haver uma lacuna na legislação ao não se estabelecer um prazo para abertura dos processos de impeachment. O ex-bolsonarista e líder do grupo de extrema-direita Movimento Brasil Livre (MBL) Kim Kataguiri também entrou com pedido semelhante, mas ainda não foi analisado. 




Botelho argumenta que a lacuna é um um “grande erro jurídico” na legislação e acaba por permitir que os processos de impeachment tenham andamento quando o presidente da mesa “bem quiser”.
Comissão da OAB conclui agiu para propagar a Covid
A comissão criada pela Ordem dos Advogados do Brasil (OAB) para analisar a conduta de Jair Bolsonaro durante a pandemia de Covid-19 concluiu que o ocupante do Palácio do Planalto agiu para propagar intencionalmente a Covid-19.
O ato, segundo a comissão, configura crime de responsabilidade e, portanto, Bolsonaro deve responder a um processo de impeachment. Além disso, ainda de acordo com a comissão da OAB, Bolsonaro deve ser denunciado por crime contra a humanidade perante o Tribunal Penal Internacional. 




Em entrevista ao Estado de S.Paulo, o presidente da OAB, Felipe Santa Cruz, diz que a entidade não vai pedir o impeachment de Jair Bolsonaro. A OAB deu início a um processo interno para decidir em no máximo 60 dias se vai encampar ou não a bandeira do impedimento de Jair Bolsonaro.
“Não tem ninguém na rua para pedir impeachment agora.”
Segundo Santa Cruz, o governo Jair Bolsonaro ""vive o seu melhor momento no Congresso Nacional"". O presidente da OAB argumenta ainda que ""na Câmara dos Deputados a oposição não tem 130 votos."" 






Inscreva-se no canal de cortes da TV 247 e saiba mais:

247 - A ministra Cármen Lúcia, do Supremo Tribunal Federal (STF), deu um prazo de cinco dias para que o presidente da Câmara dos Deputados, Arthur Lira, explique a não abertura dos processos de impeachment contra Jair Bolsonaro, que enfrenta mais de cem pedidos pelo seu afastamento.
As centenas de pedidos de impeachment estão engavetadas na mesa da Câmara desde o predecessor de Lira, Rodrigo Maia (DEM), que também não quis levar adiante a discussão do afastamento de Bolsonaro, apesar deste estar promovendo um genocídio com sua política irresponsável.
A decisão de Lúcia ocorre em resposta a um mandado de injunção do advogado Ronan Botelho, que afirma haver uma lacuna na legislação ao não se estabelecer um prazo para abertura dos processos de impeachment. O ex-bolsonarista e líder do grupo de extrema-direita Movimento Brasil Livre (MBL) Kim Kataguiri também entrou com pedido semelhante, mas ainda não foi analisado.
Botelho argumenta que a lacuna é um um “grande erro jurídico” na legislação e acaba por permitir que os processos de impeachment tenham andamento quando o presidente da mesa “bem quiser”.
A comissão criada pela Ordem dos Advogados do Brasil (OAB) para analisar a conduta de Jair Bolsonaro durante a pandemia de Covid-19 concluiu que o ocupante do Palácio do Planalto agiu para propagar intencionalmente a Covid-19.
O ato, segundo a comissão, configura crime de responsabilidade e, portanto, Bolsonaro deve responder a um processo de impeachment. Além disso, ainda de acordo com a comissão da OAB, Bolsonaro deve ser denunciado por crime contra a humanidade perante o Tribunal Penal Internacional.
Em entrevista ao Estado de S.Paulo, o presidente da OAB, Felipe Santa Cruz, diz que a entidade não vai pedir o impeachment de Jair Bolsonaro. A OAB deu início a um processo interno para decidir em no máximo 60 dias se vai encampar ou não a bandeira do impedimento de Jair Bolsonaro.
“Não tem ninguém na rua para pedir impeachment agora.”
Segundo Santa Cruz, o governo Jair Bolsonaro ""vive o seu melhor momento no Congresso Nacional"". O presidente da OAB argumenta ainda que ""na Câmara dos Deputados a oposição não tem 130 votos.""
Inscreva-se no canal de cortes da TV 247 e saiba mais:
O conhecimento liberta. Saiba mais. Siga-nos no Telegram.
A você que chegou até aqui, agradecemos muito por valorizar nosso conteúdo. Ao contrário da mídia corporativa, o Brasil 247 e a TV 247 se financiam por meio da sua própria comunidade de leitores e telespectadores. Você pode apoiar a TV 247 e o site Brasil 247 de diversas formas. Veja como em brasil247.com/apoio
Os comentários aqui postados expressam a opinião dos seus autores, responsáveis por seu teor, e não do 247
© 2021 Editora 247 - Todos os Direitos Reservados

"
'Só Deus me tira da cadeira presidencial', diz Bolsonaro sobre possível processo de impeachment;Presidente comentou decisão da ministra do STF, Cármen Lúcia, que determinou que Presidente da Cãmara, Arthur Lira, explique por que não analisou pedidos de impeachment;BRASÍLIA — O presidente Jair Bolsonaro afirmou nesta quinta-feira que apenas Deus pode tirá-lo da cadeira presidencial. O comentário de Bolsonaro foi uma resposta à informação de que a ministra Cármen Lúcia, do Supremo Tribunal Federal (STF), concede... [1560 chars];https://oglobo.globo.com/brasil/so-deus-me-tira-da-cadeira-presidencial-diz-bolsonaro-sobre-possivel-processo-de-impeachment-24973163;https://ogimg.infoglobo.com.br/in/24970040-cb8-901/FT1086A/x88044949_PA-Brasilia-BSB-05-05-2020-Presidente-JAir-Bolsonaro-chega-ao-Palacio-da-Alvorada-e-fala-co.jpg.pagespeed.ic.f61BJeRJ7_.jpg;2021-04-15T22:25:00Z;O Globo;"BRASÍLIA — O presidente Jair Bolsonaro afirmou nesta quinta-feira que apenas Deus pode tirá-lo da cadeira presidencial. O comentário de Bolsonaro foi uma resposta à informação de que a ministra Cármen Lúcia, do Supremo Tribunal Federal (STF), concedeu cinco dias para que o presidente da Câmara, Arthur Lira (PP-AL), explique os motivos por não ter analisado os pedidos de impeachment protocolados na Câmara.
BRASÍLIA — O presidente Jair Bolsonaro afirmou nesta quinta-feira que apenas Deus pode tirá-lo da cadeira presidencial. O comentário de Bolsonaro foi uma resposta à informação de que a ministra Cármen Lúcia, do Supremo Tribunal Federal (STF), concedeu cinco dias para que o presidente da Câmara, Arthur Lira (PP-AL), explique os motivos por não ter analisado os pedidos de impeachment protocolados na Câmara.
A decisão da ministra foi tomada em um processo no STF que questiona por que a Câmara dos Deputados não analisou os mais de 100 pedidos de impeachment já protocolados contra Bolsonaro. De acordo com a Constituição, a decisão sobre a abertura ou não de um processo de impeachment cabe ao presidente da Câmara, que não possui prazo para tomar a decisão.
— Eu não quero me antecipar e falar o que acho sobre isso, mas digo uma coisa: só Deus me tira da cadeira presidencial e me tira, obviamente, tirando a minha vida. Fora isso, o que estamos vendo acontecer no Brasil não vai se concretizar. Mas não vai mesmo. Não vai mesmo — afirmou Bolsonaro durante a live semanal que realiza nas redes sociais.
Entenda: Quais os efeitos da decisão do STF sobre Lula para outros casos da Lava-Jato?
Nesta quinta-feira, a maioria do Supremo Tribunal Federal confirmou a decisão do ministro Edson Fachin que anulou todas as condenações do ex-presidente Lula. Durante a live, o presidente comentou a decisão. Acompanhado do presidente da Caixa Econômica Federal, Pedro Guimarães, comparou números de seu governo com os do petista.
— Se o Lula voltar, pelo voto direto, pelo voto auditável, tudo bem. Agora veja qual vai ser o futuro do Brasil com o tipo de gente que ele vai trazer para dentro da presidência. Se o Lula for eleito, em março de 2023, ele vai escolher mais 2 ministros para o STF — afirmou o presidente.
O Globo, um jornal nacional: Fique por dentro da evolução do jornal mais lido do Brasil

Os comentários são de responsabilidade exclusiva de seus autores e não
representam a opinião deste site. Se achar algo que viole os termos de
uso, denuncie. Leia as perguntas mais frequentes para saber o que é
impróprio ou ilegal


© 1996 - 2021. Todos direitos reservados a Editora Globo S/A. Este material não pode ser publicado, transmitido por broadcast, reescrito ou redistribuído sem autorização.

"
Lula absorve os votos de 51% dos insatisfeitos com Bolsonaro;Em 1 mês, variação estável. Leia a pesquisa do PoderData.;Pesquisa PoderData divulgada nesta 5ª feira (15.abr.2021) mostra que 51% dos brasileiros que avaliam o trabalho do presidente Jair Bolsonaro (sem partido) como “ruim” ou “péssimo” votariam no ex-presidente Luiz Inácio Lula da Silva (PT) caso as eleiç... [2562 chars];https://www.poder360.com.br/poderdata/lula-absorve-os-votos-de-51-dos-insatisfeitos-com-bolsonaro/;https://static.poder360.com.br/2021/04/Lula-PT-LulaDaSilva-26Ago20102-1200x630.jpg;2021-04-15T22:20:32Z;Poder360;"editado por Fernando Rodrigues
editado por Fernando Rodrigues
Número fica estável em 1 mês
Leia a pesquisa do PoderData





Gabriela Oliva

15.abr.2021 (quinta-feira) - 19h20

Pesquisa PoderData divulgada nesta 5ª feira (15.abr.2021) mostra que 51% dos brasileiros que avaliam o trabalho do presidente Jair Bolsonaro (sem partido) como “ruim” ou “péssimo” votariam no ex-presidente Luiz Inácio Lula da Silva (PT) caso as eleições fossem hoje.
O resultado é estável em relação ao que foi registrado 1 mês antes, quando 52% dos que avaliavam mal o presidente declararam voto no petista. A oscilação de 1 ponto percentual para baixo está dentro da margem de erro da pesquisa, de 1,8 p.p.

O PoderData fez as seguintes perguntas aos entrevistados:
Entre os que afirmaram que o trabalho de Bolsonaro é “ótimo” ou “bom”, 83% responderam ter a intenção de votar no atual chefe do Executivo. Há 1 mês, eram 92%, uma diferença de 9 pontos percentuais. Já no grupo dos que afirmaram que o trabalho de Bolsonaro é “regular”, 32% responderam ter a intenção de votar novamente no atual chefe do Executivo. No último levantamento, eram 22%, uma oscilação de 10.p.p para cima.
Quando o PoderData simula eventuais cenários eleitorais para 2022, Bolsonaro aparece em uma situação muito menos confortável do que no estudo de dezembro de 2020, quando vencia em todos os cenários de 1º e de 2º turnos.

Lula estava inelegível no ano passado. Agora, depois de decisão do ministro Edson Fachin, do STF (Supremo Tribunal Federal), que anulou todas as decisões tomadas pela 13ª Vara de Curitiba contra o ex-presidente, o petista voltou ao jogo político.
A pesquisa de 12 a 14.abr.2021 foi feita pela divisão de estudos estatísticos do Poder360. A divulgação do levantamento é feita em parceria editorial com o Grupo Bandeirantes
Foram 3.500 entrevistas em 512 municípios, nas 27 unidades da Federação. A margem de erro é de 1,8 ponto percentual. Saiba mais sobre a metodologia lendo este texto.
O conteúdo do PoderData pode ser lido nas redes sociais, onde são compartilhados os infográficos e as notícias. Siga os perfis da divisão de pesquisas do Poder360 no Twitter, no Facebook, no Instagram e no LinkedIn.
O PoderData é a única empresa de pesquisas no Brasil que vai a campo a cada 15 dias desde abril de 2020. Tem coletado um minucioso acervo de dados sobre como o brasileiro está reagindo à pandemia de coronavírus.
Num ambiente em que a política vive em tempo real por causa da força da internet e das redes sociais, a conjuntura muda com muita velocidade. No passado, na era analógica, já era recomendado fazer pesquisas com frequência para analisar a aprovação ou desaprovação de algum governo. Agora, no século 21, passou a ser vital a repetição regular de estudos de opinião.

Gabriela Oliva
Redatora



enviar e-mail para Gabriela Oliva




agabrielaoliva


Redatora
por Pedro Pligher
por Sabrina Freire
por Gabriela Oliva
por Pedro Pligher
por Poder360
por Poder360
por Poder360
por Gabriela Oliva
por Pedro Pligher
por Pedro Pligher
por Sabrina Freire
por Gabriela Oliva
Compartilhe
editado por Fernando Rodrigues
Exemplo: [email protected] Para enviar para mais de uma pessoa, separe os endereços por vírgulas.
2021 © Todos os direitos Poder360.
"
"56% rejeitam governo Bolsonaro; taxa parece ter atingido o pico";Percentual recuou na margem de erro. Há 15 dias taxa registrada foi de 59%. Trabalho pessoal tem rejeição de 55%. Aprovação do governo segue em 1/3. Leia a pesquisa PoderData.;Pesquisa PoderData realizada nesta semana (12-14.abr.2021) com 3.500 pessoas em todo o país indica que a desaprovação ao governo federal parece ter chegado ao pico, com certa estabilidade em relação ao levantamento anterior, feito 15 dias antes. A re... [4714 chars];https://www.poder360.com.br/poderdata/56-rejeitam-governo-bolsonaro-taxa-parece-ter-atingido-o-pico/;https://static.poder360.com.br/2021/04/jair-bolsonaro1-1200x630.jpeg;2021-04-15T22:20:22Z;Poder360;"editado por Fernando Rodrigues
editado por Fernando Rodrigues
Percentual recua na margem de erro
15 dias antes desaprovação foi de 59%
Trabalho pessoal tem rejeição de 55%
Aprovação do governo segue em 1/3





Sabrina Freire

15.abr.2021 (quinta-feira) - 19h20

Pesquisa PoderData realizada nesta semana (12-14.abr.2021) com 3.500 pessoas em todo o país indica que a desaprovação ao governo federal parece ter chegado ao pico, com certa estabilidade em relação ao levantamento anterior, feito 15 dias antes. A rejeição ao trabalho do presidente Jair Bolsonaro bateu novo recorde e segue em trajetória de alta.
A pandemia de coronavírus registrou as piores marcas de mortes nas duas semanas anteriores. A economia está parada em algumas grandes cidades, com muitas notícias de negócios (sobretudo no comércio) indo à falência. O Planalto se prepara para enfrentar a CPI (Comissão Parlamentar de Inquérito) da Covid. Mesmo nesse cenário adverso, o governo federal teve sua taxa de desaprovação oscilando negativamente de 59% para 56%.
Essa redução de 3 pontos percentuais está dentro da margem de erro do levantamento do PoderData, que neste estudo é de 1,8 ponto percentual, para mais ou para menos. A rigor, não houve mudanças: a desaprovação ao governo não aumentou nem diminuiu, o que não deixa de ser um resultado positivo para Jair Bolsonaro.
O mesmo vale para os que dizem aprovar o governo federal. Quinze dias antes, eram 33%. Agora, 34%. De novo, é uma variação dentro da margem de erro. Nada mudou e o presidente da República segue mantendo 1/3 do eleitorado a favor de sua administração no Planalto.

A pesquisa foi feita pelo PoderData, divisão de estudos estatísticos do Poder360. A divulgação do levantamento é realizada em parceria editorial com o Grupo Bandeirantes.
Foram 3.500 entrevistas em 512 municípios, nas 27 unidades da Federação. A margem de erro é de 1,8 ponto percentual. Saiba mais sobre a metodologia lendo este texto.
Para chegar a 3.500 entrevistas que preencham proporcionalmente (conforme aparecem na sociedade) os grupos por sexo, idade, renda, escolaridade e localização geográfica, o PoderData faz dezenas de milhares de telefonemas. Muitas vezes, mais de 100 mil ligações até que sejam encontrados os entrevistados que representem de forma fiel o conjunto da população.
Quem mais aprova o governo Bolsonaro:
Quem mais desaprova:

A pesquisa PoderData mostra ainda que a rejeição ao trabalho do presidente Jair Bolsonaro bateu novo recorde e segue em trajetória de alta. Há duas semanas era de 53%. Agora, são 55% os que consideram a atuação do chefe do Executivo como “ruim” ou “péssima”.
Os que acham o desempenho do presidente “ótimo” ou “bom” são 26% –o mesmo registrado duas semanas antes. Outros 18% afirmam ser “regular”. As taxas tiveram variação dentro da margem de erro da pesquisa (1,8 ponto percentual).


Quem mais aprova Bolsonaro:
Quem mais rejeita:

No Brasil pergunta-se se os eleitores acham que o governante faz um trabalho ótimo, bom, regular, ruim ou péssimo. A “turma do regular” (18%) é sempre uma incógnita.
O PoderData cruza as respostas desse grupo com os que aprovam ou desaprovam o governo como 1 todo. Os dados mostram que a proporção daqueles que enxergam o trabalho de Bolsonaro como “regular” e hoje aprovam seu governo é de 51%.

O levantamento indica que a aprovação teve um crescimento expressivo no grupo. Passou de 34% para 51% em duas semanas –alta de 17 pontos percentuais. A desaprovação despencou de 46% para 33% –queda de 13 pontos percentuais.

Leia outras pesquisas PoderData realizadas de 12 a 14 de abril:
O conteúdo do PoderData pode ser lido nas redes sociais, onde são compartilhados os infográficos e as notícias. Siga os perfis da divisão de pesquisas do Poder360 no Twitter, no Facebook, no Instagram e no LinkedIn.
O PoderData é a única empresa de pesquisas no Brasil que vai a campo a cada 15 dias desde abril de 2020. Tem coletado um minucioso acervo de dados sobre como o brasileiro está reagindo à pandemia de coronavírus.
Num ambiente em que a política vive em tempo real por causa da força da internet e das redes sociais, a conjuntura muda com muita velocidade. No passado, na era analógica, já era recomendado fazer pesquisas com frequência para analisar a aprovação ou desaprovação de algum governo. Agora, no século 21, passou a ser vital a repetição regular de estudos de opinião.


Sabrina Freire
Editora



enviar e-mail para Sabrina Freire




sabrinafrehi


Editora
por Poder360
por Gabriela Oliva
por Pedro Pligher
por Douglas Rodrigues
por Poder360
por Poder360
por Poder360
por Gabriela Oliva
por Pedro Pligher
por Pedro Pligher
por Sabrina Freire
por Gabriela Oliva
Compartilhe
editado por Fernando Rodrigues
Exemplo: [email protected] Para enviar para mais de uma pessoa, separe os endereços por vírgulas.
2021 © Todos os direitos Poder360.
"
Bolsonaro une STF. Contra ele. Por Helena Chagas;Bolsonaro une STF. Contra ele. Por Helena Chagas;"Originalmente publicado em JORNALISTAS PELA DEMOCRACIA
Por Helena Chagas
Há anos se repete em Brasília o chavão de que o Supremo Tribunal Federal é formado por “11 ilhas” independentes, e a experiência mostra que são raríssimos os momentos de harmoni... [2936 chars]";https://www.diariodocentrodomundo.com.br/bolsonaro-une-stf-contra-ele-por-helena-chagas/;https://www.diariodocentrodomundo.com.br/wp-content/uploads/2021/04/stf-700x394-1.jpg;2021-04-15T22:18:27Z;Diário do Centro do Mundo;"Originalmente publicado em JORNALISTAS PELA DEMOCRACIA
Originalmente publicado em JORNALISTAS PELA DEMOCRACIA
Por Helena Chagas
Há anos se repete em Brasília o chavão de que o Supremo Tribunal Federal é formado por “11 ilhas” independentes, e a experiência mostra que são raríssimos os momentos de harmonia entre seus integrantes. Vivem às turras, expondo publicamente hostilidades e bate-bocas. Jair Bolsonaro parece, porém, ter conseguido o impossível: unir o STF, e  contra ele.  É o que mostra a decisão do plenário que confirmou mandado de segurança concedido por Luís Roberto Barroso para instalar a CPI da Covid no Senado.
Não se ouviu no julgamento, nem da parte de Barroso, pessoalmente agredido por Bolsonaro semana passada, e nem de seus colegas, qualquer resposta direta às frequentes ofensas do presidente da República ao STF. O julgamento foi basicamente técnico, rápido, cirúrgico, baseando-se nos pressupostos constitucionais para criação de CPIs: assinaturas, fato determinado e prazo de trabalho. Diferentemente do que ocorreu em outras ocasiões, os ministros não usaram seus votos para espinafrar o presidente e outras autoridades. Simplesmente votaram – e, com isso, podem ter definido rumos importantíssimos para a política nacional.
Nem mesmo o ministro bolsonarista Kássio Nunes Marques teve coragem de discordar. Apesar de vir se mostrando claramente inclinado a apoiar quem o indicou ara a vaga, deve ter ponderado que, afinal, ainda tem 26 anos a passar no tribunal, e que uma afronta à posição geral dos colegas, a esta altura, poderia lhe render problemas na convivência diária. Marco Aurélio foi o voto dissonante, mas não por discordar da CPI, mas por ir além: para ele, a decisão de Barroso nem deveria estar sendo julgada pelo plenário.
VEJA – STF decide anular condenações de Lula; derrota da Lava Jato é histórica
Resta saber se esse efeito Bolsonaro irá se manifestar no julgamento das decisões relativas ao ex-presidente Lula. Afinal, se o ex-presidente tiver reafirmada a anulação de suas condenações e a parcialidade de Sergio Moro, sairá muito fortalecido para a disputa de 2022 contra Bolsonaro. Nessa questão, porém, espera-se a reedição da divisão mais tradicional do STF no passado recente: lavajatistas x garantistas, e uma outra disputa entrará em cena.
Apesar disso, porém, vem se disseminando a impressão de que, ainda que apertada, a maioria será favorável a Lula. A decisão de Fachin de remeter seus processos para Brasília, anulando as condenações, poderá inclusive ter o apoio de ampla maioria, já que é baseada em jurisprudência que serviu para muitos réus, que teriam que ter seus processos revistos. Não se considera improvável também que, apesar da disputa lavajatista, a maioria dos ministro decida não confrontar a decisão da Segunda Turma de considerar Sergio Moro parcial.
A posição da ministra Cármen Lúcia, que mudou seu voto na turma para decretar a parcialidade do ex-juiz, sinalizou isso. Ontem, em meio ao voto sobre o outro tema, ela deixou claro que decisões das turmas não podem ser revistas pelo plenário. Para bom entendedor, é possível que, além de atuar para proteger o país de Bolsonaro, é possível que o STF esteja caminhando para reparar um erro histórico contra Lula.
O jornalismo do DCM precisa de você para continuar marcando ponto na vida nacional. 
Faça doação para o site. Sua colaboração é fundamental para seguirmos combatendo o bom combate com a independência que você conhece. 
A partir de R$ 10, você pode fazer a diferença. Muito Obrigado!







Conheça as regras do debate
"
Apoiado por Bolsonaro em 2018, general Paulo Chagas defende 3ª via;Militar da reserva foi candidato ao governo do DF nas últimas eleições e tem subido o tom crítico contra o atual presidente da República;O general Paulo Chagas usou as redes sociais, nesta quinta-feira (15/4), para defender uma possível terceira via nas eleições do ano que vem. O militar da reserva foi o nome de Jair Bolsonaro (sem partido) para a disputa ao Governo do Distrito Federa... [2146 chars];https://www.metropoles.com/colunas/janela-indiscreta/apoiado-por-bolsonaro-em-2018-general-paulo-chagas-defende-3a-via;https://uploads.metropoles.com/wp-content/uploads/2018/08/21161602/HSB2335.jpg;2021-04-15T22:17:09Z;Metrópoles;NA
Lula no jogo e Bolsonaro cercado dão janela estreita para nome alternativo;Petista celebra resultado no STF e se firma para 2022 enquanto rivais disputam espaço;"São Paulo
A confirmação da possibilidade da candidatura de Luiz Inácio Lula da Silva (PT) em 2022, a partir da manutenção da anulação de suas condenações, confirma parte da tendência registrada desde que o ex-presidente voltou ao jogo com a decisão l... [3931 chars]";https://www1.folha.uol.com.br/poder/2021/04/lula-no-jogo-e-bolsonaro-cercado-dao-janela-estreita-para-nome-alternativo.shtml;https://f.i.uol.com.br/fotografia/2021/03/17/161599845160522df32e450_1615998451_3x2_rt.jpg;2021-04-15T22:12:00Z;Folha de S.Paulo;"
      Acesse seus artigos salvos em 
Minha Folha,  sua área personalizada
    

      Acesse seus artigos salvos em 
Minha Folha,  sua área personalizada
    

Recurso exclusivo para assinantes

assine
ou
faça login

Assinantes podem liberar 5 acessos por dia para conteúdos da Folha
Assinantes podem liberar 5 acessos por dia para conteúdos da Folha
Assinantes podem liberar 5 acessos por dia para conteúdos da Folha
Gostaria de receber as principais notícias do Brasil e do mundo?

        Contextualiza um acontecimento e aprofunda a compreensão de seus diversos ângulos
      
Recurso exclusivo para assinantes

assine
ou
faça login

Assinantes podem liberar 5 acessos por dia para conteúdos da Folha
Assinantes podem liberar 5 acessos por dia para conteúdos da Folha
Assinantes podem liberar 5 acessos por dia para conteúdos da Folha
A confirmação da possibilidade da candidatura de Luiz Inácio Lula da Silva (PT) em 2022, a partir da manutenção da anulação de suas condenações, confirma parte da tendência registrada desde que o ex-presidente voltou ao jogo com a decisão liminar do ministro Edson Fachin, em março.
Ou seja, o petista é parte integral da discussão de 2022, mesmo que não esteja fisicamente na urna eletrônica.
A ressalva é importante porque Lula pode, ao fim, não concorrer. Talvez 90% de seus aliados não acreditem nisso, mas há espaço para mudanças: notadamente, alguma percepção de que não será favorito na corrida, o que é inescrutável neste momento.
Pode ainda haver alguma mudança jurídica inaudita neste momento, o que não seria surpresa —como diria o ex-ministro da Fazenda Pedro Malan, até o passado é incerto nessas plagas. Ou o autor da frase foi o ex-presidente do Banco Central Gustavo Loyola? Pois é.
Isso dito, o que está colocado é Lula, ou sua presença com liberdade de campanha, na disputa de 2022.
É boa notícia para Bolsonaro, devido ao antipetismo que se mostrou bastante vivo na eleição municipal de 2020 e em pesquisas. O presidente ainda é o candidato a beneficiário do movimento mais ativo na praça. Seus rivais estão mais preocupados em bater no Planalto de hoje do que no de há cinco anos.
Ao mesmo tempo, a equação se adensou desde o momento inicial da decisão de Fachin. Bolsonaro está sob um cerco muito mais coordenado neste momento, e tem agido com crescente exasperação.
Há uma ofensiva dupla na crise sanitária-política-econômica em curso, que é a formação da tempestade da CPI da Covid e o imbróglio da aprovação de um Orçamento que equivale à confissão de culpa de crimes fiscais.
Tal conjuntura colocou Bolsonaro na parede, mesmo depois de ter obtido a suposta carta de alforria de impeachments do centrão ao colocar o grupo no controle das verbas parlamentares liberadas pelo Planalto.





Isso em meio a uma crise militar que arrefeceu, mas que ainda causa abalos secundários razoáveis toda a vez que o capitão reformado do Exército abre a boca para falar de fardados.
Ao mesmo tempo, Bolsonaro demonstra um desespero óbvio com os rombos em seu dique, falando para meia dúzia de papagaios de alambrado no Alvorada que espera a ""sinalização do povo"", seja lá o que for e com qual sentido.
Fechar o Supremo? Em nome de quê? Da sua confissão de incompetência no trato da pandemia, ao jogar a culpa para estados e municípios? O Congresso não parece disposto a comprar a balela, muito menos os militares, por mais que tenham ojeriza aos 11 do outro lado da praça dos Três Poderes.
Nessa espiral entrópica se encontra o presidente, o que facilitaria a leitura de que Lula ou algum preposto petista se tornaria uma barbada para 2022.
Hoje parece algo meio improvável, dada a persistência do antipetismo. Claro, o antibolsonarismo é uma força tão formidável quanto nos dias de hoje, mas talvez com escopo menos amplo —tende a crescer entre mais pobres e conservadores com a piora na economia, contudo.
Por isso a colocação de um projeto claro de alternativa ganha agora uma janela de oportunidade mais clara, se quiser de fato ter um rosto para apresentar em 2022.





Dado o senso de oportunidade dos envolvidos até aqui, todos sem viabilidade clara, a tendência é a da manutenção de manifestos de princípios públicos e desconfianças privadas. Aí, o naufrágio sem uma decisão nos próximos meses será inevitável.
A amálgama centro-direitista na qual se posicionam João Doria (PSDB), Eduardo Leite (PSDB), Luiz Henrique Mandetta (DEM) e João Amoêdo (Novo) terá de conversar mais com o franco-atirador Luciano Huck (sem partido) e o eterno candidato Ciro Gomes (PDT), esse de centro-esquerda.
Para Lula, por óbvio, é o melhor dos mundos, pois sua bandeira será levada à frente num momento de desgaste extremo de Bolsonaro.
Mas isso ocorre sem impeachment à vista, o que abre ao presidente também a porta para um cenário igual ao do petista em 2005, quando foi poupado pela oposição no mensalão só para se reeleger no ano seguinte.
Recurso exclusivo para assinantes

assine
ou
faça login

Assinantes podem liberar 5 acessos por dia para conteúdos da Folha
Assinantes podem liberar 5 acessos por dia para conteúdos da Folha
Assinantes podem liberar 5 acessos por dia para conteúdos da Folha

      Você já conhece as vantagens de ser assinante da Folha?
      Além de ter acesso a reportagens e colunas, você conta com newsletters exclusivas (conheça aqui).
      Também pode baixar nosso aplicativo gratuito na Apple Store ou na Google Play para receber alertas das principais notícias do dia.
      A sua assinatura nos ajuda a fazer um jornalismo independente e de qualidade. Obrigado!
    

      Mais de 180 reportagens e análises publicadas a cada dia. Um time com mais de 120 colunistas. Um jornalismo profissional que fiscaliza o poder público, veicula notícias proveitosas e inspiradoras, faz contraponto à intolerância das redes sociais e traça uma linha clara entre verdade e mentira. Quanto custa ajudar a produzir esse conteúdo?
    

Os comentários não representam a opinião do jornal; a responsabilidade é do autor da mensagem.

As principais notícias da semana sobre o cenário jurídico e conteúdos exclusivos
Carregando...

            Por 8 votos a 3, corte decidiu anular as condenações e devolver os direitos políticos do ex-presidente
          

            Projeto da LDO de 2022 destrava despesas com investimentos caso haja atraso na aprovação das contas do ano
          

            Ex-funcionário de empresa de disparo em massa é o 3º a ser responsabilizado por ofensas de cunho sexual contra jornalista Patrícia Campos Mello
          


Copyright Folha de S.Paulo. Todos os direitos reservados. É proibida a reprodução do conteúdo desta página em qualquer meio de comunicação, eletrônico ou impresso, sem autorização escrita da Folhapress.

Cadastro realizado com sucesso!
Por favor, tente mais tarde!
"
Depois de atrito com Bolsonaro, Kajuru oficializa filiação ao Podemos;Divulgou conversa com Bolsonaro sobre CPI da covid e depois foi convidado a sair do Cidadania. Leia no Poder360.;O senador Jorge Kajuru (Podemos-GO) oficializou nesta 5ª feira (15.abr.2021) sua filiação ao Podemos. O congressista deixou o Cidadania depois de gravar e divulgar conversa com o presidente Jair Bolsonaro, na qual este pressiona por mudanças na CPI (... [3544 chars];https://www.poder360.com.br/congresso/depois-de-atrito-com-bolsonaro-kajuru-oficializa-filiacao-ao-podemos/;https://static.poder360.com.br/2021/04/JorgeKajuru-Kajuru-Poder360-Entrevista-33-868x644-1-1200x630.jpeg;2021-04-15T22:01:42Z;Poder360;"editado por Fernando Rodrigues
editado por Fernando Rodrigues
Divulgou conversa com presidente
Foi convidado a sair do Cidadania





Mateus Maia

15.abr.2021 (quinta-feira) - 19h01

O senador Jorge Kajuru (Podemos-GO) oficializou nesta 5ª feira (15.abr.2021) sua filiação ao Podemos. O congressista deixou o Cidadania depois de gravar e divulgar conversa com o presidente Jair Bolsonaro, na qual este pressiona por mudanças na CPI (Comissão Parlamentar de Inquérito) da covid-19.
Este é o 3º partido do senador desde que foi eleito. Já passou pelo PSB e pelo Cidadania. A Executiva Nacional do Cidadania resolveu na 2ª feira (12.abr) que iria convidar formalmente o senador a se retirar do partido.
Em nota, a sigla criticou a conversa do congressista com o presidente Jair Bolsonaro realizada no último sábado (10.abr), e que foi gravada e divulgada por Kajuru em suas redes sociais e em entrevista à Rádio Bandeirantes.
Kajuru disse na 2ª feira (12.abr) que entrou com pedido de desfiliação do Cidadania. Segundo o congressista, a solicitação foi feita antes de o partido decidir convidá-lo a sair.
“Nesses anos de mandato, graças a Deus, assim como no casamento, eu sempre soube entrar e soube sair, tanto que me relaciono muito bem com todas as minhas ex-esposas. É por isso que falo que para mim é um casamento.”
Veja imagens do senador assinando o termo de filiação ao Podemos (3min33s):

O ministro do STF (Supremo Tribunal Federal) Roberto Barroso determinou, na 5ª feira (8.abr), que o Senado instalasse uma CPI (Comissão Parlamentar de Inquérito) para apurar eventuais omissões do governo federal no combate à pandemia.
Barroso concedeu liminar (decisão provisória) em ação movida justamente pelos senadores Alessandro Vieira e Jorge Kajuru, ambos do Cidadania. Eis a íntegra da decisão (204 KB).

A ideia da criação da comissão foi do senador Randolfe Rodrigues (Rede-AP). Inicialmente, o objetivo proposto para a CPI era de investigar apenas as omissões do governo federal no combate à pandemia.
No domingo (11.ago), o senador Jorge Kajuru divulgou conversa telefônica com Bolsonaro, na qual o presidente cobrou pressão para que o STF também determine a análise de pedidos de impeachment de ministros da Corte. A conversa, segundo o senador, foi no sábado (11.abr).
“Se você não mudar o objeto da CPI, você não pode convocar governadores. Se mudar, 10 para você, porque nós não temos nada para esconder. Olha só, o que você tem que fazer: tem que mudar o objetivo da CPI, tem que ser ampla. Covid no Brasil aí você faz um belo trabalho pelo Brasil”, disse o presidente ao senador.
Em certo momento da conversa divulgada inicialmente, Bolsonaro diz temer um relatório “sacana” da CPI da Covid, que começou a ser instalada nesta 3ª feira (13.jan).
Em entrevista à Rádio Bandeirantes, Kajuru disse que avisou a Bolsonaro de que a conversa estava sendo gravada. Segundo ele, o trecho que tratava de Randolfe foi ocultado na 1ª divulgação por respeito ao colega.
“Eu não tinha divulgado essa parte para preservar um colega senador. Era desnecessário, na minha opinião. De graça. Tem inimizade entre eles? Tem, Randolfe é líder da oposição. Mas eu achei que o melhor para os dois era essa parte não ser colocada. Não tinha nada a ver. Era um desabafo. Mas ele quis o restante, então coloquei. Pronto, acabou.”
Já o presidente disse não saber que estava sendo gravado. Bolsonaro criticou nesta 2ª feira (12.abr) o senador por ter registrado e divulgado a conversa entre os 2. Bolsonaro afirmou também que Kajuru não publicou todo o diálogo.
“Eu fui gravado em uma conversa telefônica, tá certo. Olha a que ponto chegamos no Brasil”, criticou o presidente em conversa com apoiadores na saída do Palácio da Alvorada.
“A gravação é só com autorização judicial. Gravar o presidente e divulgar? Só para controle, falei mais coisas naquela conversa lá. Pode divulgar tudo da minha parte.”

Mateus Maia
REPÓRTER



enviar e-mail para Mateus Maia




mmaia_jor


REPÓRTER
por Poder360
por Caio Spechoto
por Poder360
por Mateus Maia
por Poder360
por Poder360
por Mateus Maia
por Poder360
por Poder360
por Poder360
por Poder360
por Mateus Maia
por Poder360
por Poder360
por Gabriela Oliva
por Guilherme Waltenberg
por Poder360
por Mateus Maia
Compartilhe
editado por Fernando Rodrigues
Exemplo: [email protected] Para enviar para mais de uma pessoa, separe os endereços por vírgulas.
2021 © Todos os direitos Poder360.
"
Convidado a se retirar do Cidadania, Kajuru anuncia filiação ao Podemos;Senador entrou em conflito com antiga legenda após gravar e divulgar uma conversa com o presidente Jair Bolsonaro sobre a CPI da Pandemia;"BRASÍLIA - Após ser pressionado a deixar o Cidadania, o senador Jorge Kajuru anunciou nesta quinta-feira que decidiu se filiar ao Podemos. Ele foi ""convidado"" a trocar de sigla após gravar e divulgar uma conversa com o presidente Jair Bolsonaro, no ú... [1882 chars]";https://oglobo.globo.com/brasil/convidado-se-retirar-do-cidadania-kajuru-anuncia-filiacao-ao-podemos-24973015;https://ogimg.infoglobo.com.br/in/24967631-c67-6c0/FT1086A/20190704190732_c5e45682-f8b5-446d-9021-672b7e51490a.jpeg.jpg;2021-04-15T21:42:00Z;O Globo;"BRASÍLIA - Após ser pressionado a deixar o Cidadania, o senador Jorge Kajuru anunciou nesta quinta-feira que decidiu se filiar ao Podemos. Ele foi ""convidado"" a trocar de sigla após gravar e divulgar uma conversa com o presidente Jair Bolsonaro, no último final de semana, na qual trataram sobre o escopo da CPI da Pandemia e o impeachment de ministros do Supremo Tribunal Federal (STF). Apesar das divergências, ele afirmou que a saída do antigo partido foi ""um divórcio respeitoso também pela incompatibilidade de ideias"".
BRASÍLIA - Após ser pressionado a deixar o Cidadania, o senador Jorge Kajuru anunciou nesta quinta-feira que decidiu se filiar ao Podemos. Ele foi ""convidado"" a trocar de sigla após gravar e divulgar uma conversa com o presidente Jair Bolsonaro, no último final de semana, na qual trataram sobre o escopo da CPI da Pandemia e o impeachment de ministros do Supremo Tribunal Federal (STF). Apesar das divergências, ele afirmou que a saída do antigo partido foi ""um divórcio respeitoso também pela incompatibilidade de ideias"".
Durante sessão em plenário, Kajuru contou que já conversava sobre mudar de legenda com o senador Alvaro Dias (Podemos-PR) desde o ano passado.
- A partir de hoje, ingresso no partido Podemos. E por quê? Porque, há um ano, um senador que classifico como reserva moral deste País, Alvaro Dias, vem conversando comigo, sabendo que eu sempre falava para ele: 'É meu sonho entrar no Podemos' - disse Kajuru.
Ao fazer o anúncio, o senador não mencinou o episódio com Bolsonaro. Ele tem sido aconselhado por pessoas próximas a não tocar mais no assunto. 
Em conversa com o presidente por telefone, Kajuru tratou da CPI da Pandemia e sinalizou pela intenção de ampliar o escopo de investigação da comissão para contemplar estados e municípios, um anseio do presidente da República. 
Bolsonaro também disse a Kajuru que é preciso pressionar o STF para que determine ao Senado Federal que analise pedidos de impeachment de ministros da Corte.
Para o presidente do Cidadania, Roberto Freire, o áudio é um flagrante crime de responsabilidade.
""O Cidadania também reafirma a defesa irrestrita do Estado Democrático, dos valores republicanos e da separação entre os Poderes, especialmente do papel da Suprema Corte como guardiã da Constituição. Esses valores são diametralmente opostos aos observados na conversa do senador Jorge Kajuru com o presidente Jair Bolsonaro, em que flagrantemente se se discute e se comete um crime de responsabilidade. E, nesse sentido, o partido fará um convite formal, com todo o respeito pelo senador, para que ele procure outra legenda partidária"", afirmou Freire, em nota, após o episódio.
O Globo, um jornal nacional: Fique por dentro da evolução do jornal mais lido do Brasil

Os comentários são de responsabilidade exclusiva de seus autores e não
representam a opinião deste site. Se achar algo que viole os termos de
uso, denuncie. Leia as perguntas mais frequentes para saber o que é
impróprio ou ilegal


© 1996 - 2021. Todos direitos reservados a Editora Globo S/A. Este material não pode ser publicado, transmitido por broadcast, reescrito ou redistribuído sem autorização.

"
