titulo;subtitulo;url;categoria;texto
SP anuncia fase de transi√ß√£o e libera com√©rcio;;https://g1.globo.com/sp/sao-paulo/noticia/2021/04/16/governo-mantem-fase-vermelha-da-quarentena-mas-libera-funcionamento-de-comercio-atividade-religiosa-e-nomeia-de-transicao.ghtml;['sp', 'sao-paulo'];" Por G1 SP ‚Äî S√£o Paulo 
 Por G1 SP ‚Äî S√£o Paulo 
  16/04/2021 12h49    Atualizado  16/04/2021    
 O governo de S√£o Paulo manteve todo o estado na fase vermelha da quarentena, mas autorizou a abertura de com√©rcios e atividade religiosas em hor√°rios reduzidos de funcionamento a partir deste domingo (18). 
 A medida foi definida pela gest√£o estadual como uma ""fase transit√≥ria"", e prev√™ a libera√ß√£o gradual de setores da economia. 
 No pr√≥ximo s√°bado (24), est√° prevista a amplia√ß√£o das flexibiliza√ß√µes, o que inclui a autoriza√ß√£o de funcionamento para restaurantes, sal√µes de beleza, academias, que poder√£o reiniciar suas atividades com restri√ß√µes. 
 O an√∫ncio foi feito em entrevista coletiva do governo estadual nesta sexta-feira (16). 
 Com a mudan√ßa, shoppings e lojas de rua, que s√≥ eram autorizadas a abrir a partir da fase laranja, v√£o poder operar j√° neste final de semana. 
 A gest√£o de Jo√£o Doria (PSDB) decidiu alterar as regras da fase vermelha ap√≥s o estado registrar apenas leves quedas nas taxas de interna√ß√£o no estado. 
Mais de 85 mil mortes 
 A altera√ß√£o nos crit√©rios de reclassifica√ß√£o ocorre sete dias ap√≥s o estado deixar a fase emergencial, a mais restritiva, que vigorou de 15 de mar√ßo at√© 11 de abril, e em meio √† altos √≠ndices de casos e mortes pelo coronav√≠rus. 
ENTENDA: as fases do plano S√£o PauloMORTES EM SP: estado ultrapassa 80 mil √≥bitos por CovidRANKING: se fosse um pa√≠s, SP estaria seria o 11¬∫ com mais mortes
 Na semana passada, a gest√£o de Jo√£o Doria (PSDB) encerrou a fase emergencial da quarentena e colocou todo o estado na fase vermelha, liberando a volta de alguns servi√ßos, al√©m do retorno das aulas presenciais nas redes p√∫blicas e privadas. 
 Na ocasi√£o, tamb√©m foi autorizada a retomada de competi√ß√µes esportivas, como os jogos do Campeonato Paulista. 
 A gest√£o estadual manteve o toque de recolher das 20h √†s 5h. O cumprimento da restri√ß√£o de circula√ß√£o continua a ser fiscalizado por uma for√ßa-tarefa composta por integrantes das vigil√¢ncias sanit√°rias, Pol√≠cia Militar e Procon. 
 Embora algumas regi√µes tenham registrado leve queda nos √≠ndices de interna√ß√µes nos √∫ltimos dias, o m√™s de abril, com 15 dias, abril j√° se tornou o segundo com mais mortes por Covid-19 no estado de S√£o Paulo desde o come√ßo da pandemia. 
 Foram registradas 11.883 mortes causadas pela doen√ßa do dia 1¬∫ de abril at√© esta quinta-feira (15). Quinze dias antes de acabar, abril j√° fica atr√°s apenas do m√™s de mar√ßo, que teve 15.159 √≥bitos registrados. 
O que permanece
Proibi√ß√£o de cultos religiosos presenciais;Proibi√ß√£o de funcionamento para bares, restaurantes, sal√µes de beleza e academais Recomenda√ß√£o de teletrabalho;Recomenda√ß√£o do escalonamento de hor√°rios alternados para os setores de servi√ßos, do com√©rcio e da ind√∫stria;Toque de recolher das 20h √†s 5h;Escolas seguem autorizadas a receber alunos presencialmente desde que autorizadas pelas prefeituras;Libera√ß√£o de competi√ß√µes esportivas profissionais;Libera√ß√£o dos servi√ßos de retirada dos restaurantes e funcionamento de lojas de material de constru√ß√£o, embora j√° estivessem permitidos por meio de liminar judicial, agora passam a ser autorizados pela gest√£o estadual.
Indicadores apontam fase vermelha 
 O Plano S√£o Paulo utiliza indicadores de sa√∫de, como interna√ß√µes e casos de Covid-19, para classificar as regi√µes em fases diferentes. Um dos crit√©rios do plano, a varia√ß√£o no n√∫mero de √≥bitos registrado em cada Diretoria Regional de Sa√∫de (DRS) nos √∫ltimos dias, coloca pelo menos quatro regi√µes na fase vermelha. 
 De acordo com dados desta quinta (15), as regi√µes de S√£o Jo√£o da Boa Vista, Sorocaba, Franca e Piracicaba t√™m indicadores de mortes compat√≠vel com a fase vermelha ‚Äì ou seja, tiveram aumento acentuado nos √≥bitos por Covid-19 nos √∫ltimos 14 dias. 
 A sub-regi√£o Sudeste da Grande S√£o Paulo tamb√©m teve varia√ß√£o positiva no n√∫mero de √≥bitos, e registrou um n√∫mero compat√≠vel com a fase vermelha, embora a classifica√ß√£o da regi√£o metropolitana da capital leve em conta os dados de todas as sub-regi√µes juntas. 
 Foto a√©rea do cemit√©rio de Vila Formosa no dia 23 de mar√ßo de 2021. ‚Äî Foto: Picture taken with a drone. REUTERS/Amanda Perobelli 
O que pode funcionar na fase vermelha 
Funcionamento de lojas de conveni√™ncia (venda de bebida alco√≥lica at√© as 20h);Escolas e cursos de sa√∫de de universidades;Hospitais, cl√≠nicas, farm√°cias, dentistas e estabelecimentos de sa√∫de animal (veterin√°rios);Supermercados, hipermercados, a√ßougues e padarias, lojas de suplemento, feiras livres;Delivery e drive-thru para bares, lanchonetes e restaurantes;Cadeia de abastecimento e log√≠stica, produ√ß√£o agropecu√°ria e agroind√∫stria, transportadoras, armaz√©ns, postos de combust√≠veis e lojas de materiais de constru√ß√£o;Empresas de loca√ß√£o de ve√≠culos, oficinas de ve√≠culos, transporte p√∫blico coletivo, t√°xis, aplicativos de transporte, servi√ßos de entrega e estacionamentos;Servi√ßos de seguran√ßa p√∫blica e privada;Constru√ß√£o civil e ind√∫stria;Meios de comunica√ß√£o, empresas jornal√≠sticas e de radiodifus√£o sonora e de sons e imagens;Lavanderias, servi√ßos de limpeza, hot√©is, manuten√ß√£o e zeladoria, servi√ßos banc√°rios (incluindo lot√©ricas), servi√ßos de call center, assist√™ncia t√©cnica e bancas de jornais.
V√≠deos: Tudo sobre S√£o Paulo e regi√£o Metropolitana
O que aconteceu hoje, diretamente no seu e-mail
Obrigado!
 Voc√™ acaba de se inscrever na newsletter Resumo do dia. 
Veja tamb√©m




"
28 crian√ßas recebem vacina da Covid por engano no interior de SP;;https://g1.globo.com/sp/sao-carlos-regiao/noticia/2021/04/15/por-engano46-pessoas-recebem-vacina-contra-covid-no-lugar-de-dose-contra-a-gripe-em-itirapina.ghtml;['sp', 'sao-carlos-regiao'];" Por G1 S√£o Carlos e Araraquara 
 Por G1 S√£o Carlos e Araraquara 
  15/04/2021 19h57    Atualizado  16/04/2021    
 V√çDEO: 'A gente fica com medo', diz m√£e de crian√ßa vacinada contra Covid por engano em SP 
 Um engano fez com que 46 pessoas recebessem a vacina contra Covid-19, a Coronavac, no lugar da dose contra gripe em um posto de vacina√ß√£o de Itirapina (SP), interior de S√£o Paulo, na ter√ßa-feira (13). Entre os vacinados, est√£o 18 adultos - sendo duas gestantes - e 28 crian√ßas, de 1 a 5 anos. 
 Segundo a Secretaria Municipal de Sa√∫de de Itirapina, o erro foi percebido durante o controle do estoque das vacinas, na quarta-feira (14), quando foi notada a falta de 46 doses da Coronavac (leia mais abaixo). 
 Em Diadema, na Grande S√£o Paulo, outras cinco crian√ßas foram vacinadas nesta semana contra o coronav√≠rus ap√≥s um erro numa Unidade B√°sica de Sa√∫de. As crian√ßas t√™m entre sete meses e quatro anos de idade e deveriam ter sido imunizadas contra a gripe. 
'Um susto', diz m√£e de crian√ßa vacinada por engano contra Covid
 Compara os frascos das vacinas ‚Äî Foto: Amanda Paes/Arte G1 
 O infectologista Bernardino Souto diz que ainda n√£o h√° estudos cl√≠nicos suficientes para determinar os efeitos da Coronavac em crian√ßas e gestantes e que, por isso, os pacientes que tomaram a vacina por engano devem ser monitorados clinicamente. 
""√â adequado manter essas pessoas sob monitoramento ao longo de algumas semanas ou meses para verificar alguma ocorr√™ncia que possa ser relacionada √† vacina. No caso das gestantes, √© adequado que tamb√©m seja feito com os rec√©m-nascidos"", avalia o infectologista.
Vacina contra a Covid para crian√ßas: entenda como os laborat√≥rios testam a imuniza√ß√£o nos pequenos
 Por engano, 46 pessoas recebem vacina contra Covid no lugar de dose contra a gripe em Itirapina 
T√©cnica enviou frascos para local errado
 De acordo com a Prefeitura de Itirapina, uma t√©cnica de enfermagem enviou erroneamente frascos da Coronavac para o local onde est√° ocorrendo a campanha de vacina√ß√£o contra gripe (influenza), na Escola Jos√© Cruz. A t√©cnica que aplicou as doses foi afastada do cargo. 
 A campanha de imuniza√ß√£o contra a gripe come√ßou na segunda-feira (12). Para n√£o causar conflito com a imuniza√ß√£o contra a Covid, a 1¬™ etapa , que geralmente come√ßa pelos idosos, foi destinada este ano a crian√ßas maiores de 6 meses e menores de 6 anos, gestantes, pu√©rperas, povos ind√≠genas e trabalhadores da sa√∫de. 
V√çDEOS: Saiba mais sobre as vacinas contra a Covid-19
M√£es de crian√ßas ficaram preocupadas
 Carteirinha de crian√ßa de 1 ano e 10 meses consta a primeira dose da Coronavac ‚Äî Foto: Reprodu√ß√£o EPTV 
 Entre as crian√ßas vacinadas est√° Pedro, de apenas 1 ano e 10 meses. A m√£e dele, J√©ssica Aparecida Santos Conduta, conta que, na manh√£ desta quinta-feira (15), foi chamada para ir √† Vigil√¢ncia em Sa√∫de e informada sobre a troca das vacinas. Desesperada, ela ligou para a pediatra pedindo ajuda. 
 ‚ÄúPor ser a Coronac, ela acredita que n√£o haver√° rea√ß√µes, mas que eu tenho que observar e passar tudo para ela. Ela me orientou para que eu n√£o fizesse nenhum tipo de exame por fora‚Äù, afirmou. 
 A compradora Ta√≠za Favaro tamb√©m ficou preocupada quando soube que o filho de 2 anos tomou a vacina errada. Ela disse que a Vigil√¢ncia em Sa√∫de quer marcar a segunda dose da vacina para o garoto, mas ela tem receio. 
 ""Eu entrei em contato com a pediatra e ela orientou a n√£o tomar a segunda dose porque a vacina √© contraindicada para crian√ßas"", contou. 
Prefeitura afirmou n√£o haver riscos
 Produzida no Brasil pelo Instituto Butantan, CoronaVac √© um dos imunizantes contra a Covid-19. ‚Äî Foto: Instituto Butantan/Divulga√ß√£o 
 A Secretaria de Sa√∫de de Itirapina comunicou √† Vigil√¢ncia Epidemiol√≥gica de Piracicaba sobre a falha e solicitou orienta√ß√µes sobre as medidas a serem adotadas. 
‚ÄúTodas as provid√™ncias para a seguran√ßa dessas pessoas foram tomadas e, segundo orienta√ß√£o dos m√©dicos especialistas consultados, o fato n√£o traz riscos para a sa√∫de dos envolvidos‚Äù, afirmou a Prefeitura de Itirapina, por meio de nota. 
 Ainda segundo a prefeitura, todos os vacinados foram informados pessoalmente, e a Secretaria de Sa√∫de disponibilizou uma equipe m√©dica para avalia√ß√£o e orienta√ß√£o, com acompanhamento por 14 dias, das pessoas envolvidas. 
 Nesta quinta-feira (15), 26 pessoas passaram por atendimento m√©dico, entre elas a gestante. No caso das crian√ßas, a avalia√ß√£o e as orienta√ß√µes foram feitas por uma pediatra. 
 ‚Äú√â importante salientar que at√© o momento nenhuma anormalidade foi detectada‚Äù, afirmou a prefeitura. 
Secretaria de Sa√∫de apura responsabilidades
 A Secretaria de Sa√∫de informou que as provid√™ncias na apura√ß√£o de responsabilidades, na √°rea administrativa e legal, est√£o sendo tomadas. 
 O Instituto Butantan informou que n√£o recebeu qualquer notifica√ß√£o sobre o caso em quest√£o no seu setor de farmacovigil√¢ncia. 
 Segundo o instituto ‚Äúconforme indicado em bula, a vacina √© indicada para indiv√≠duos com 18 anos ou mais e n√£o h√° conclus√µes cient√≠ficas at√© o momento de seguran√ßa ou efic√°cia da vacina na popula√ß√£o pedi√°trica ou em gestantes‚Äù. 
 O Butantan orienta que em casos como o ocorrido em Itirapina, as vigil√¢ncias municipais acompanhem e coletem informa√ß√µes individuais das gestantes e das crian√ßas expostas, solicitando que busquem orienta√ß√£o imediata nos servi√ßos de sa√∫de caso apresentem algum evento adverso e que, neste caso, n√£o tomem a segunda dose do imunizante. 
 Tamb√©m √© recomend√°vel que essas pessoas vacinadas erroneamente com a Coronavac aguardem por 14 dias antes de se vacinarem contra a gripe. 
 A Secretaria Estadual de Sa√∫de informou que √© responsabilidade dos munic√≠pios monitorar eventos adversos e seus pacientes. 
 O Minist√©rio da Sa√∫de disse que ir√° se informar sobre o caso antes de se pronunciar. 
 Veja mais not√≠cias da regi√£o no G1 S√£o Carlos e Araraquara.  
O que aconteceu hoje, diretamente no seu e-mail
Obrigado!
 Voc√™ acaba de se inscrever na newsletter Resumo do dia. 
Veja tamb√©m




"
'A gente fica com medo', diz m√£e de crian√ßa vacinada contra Covid;Doses s√≥ foram testadas em adultos e idosos.;https://g1.globo.com/sp/sao-carlos-regiao/video/video-a-gente-fica-com-medo-diz-mae-de-crianca-vacinada-contra-covid-por-engano-em-sp-9440729.ghtml;['sp', 'sao-carlos-regiao', 'video'];NA
Nova presidente da Capes coordena curso que tirou nota 2;Sem atingir a pontua√ß√£o m√≠nima, curso foi descredenciado pela pr√≥pria Capes em 2017.;https://g1.globo.com/educacao/noticia/2021/04/16/nova-presidente-da-capes-coordena-curso-de-mestrado-que-tirou-nota-2-e-foi-descredenciado-pela-propria-capes-em-2017.ghtml;['educacao'];" Por Shin Suzuki, G1 
 Por Shin Suzuki, G1 
  16/04/2021 10h08    Atualizado  16/04/2021    
 O ministro Milton Ribeiro e a nova presidente da Capes, Cl√°udia Mansani Queda de Toledo ‚Äî Foto: Twitter do ministro Milton Ribeiro 
 A nova presidente da Coordena√ß√£o de Aperfei√ßoamento de Pessoal de N√≠vel Superior (Capes), Cl√°udia Mansani Queda de Toledo, nomeada nesta quinta (15) pelo governo, teve um curso de p√≥s-gradua√ß√£o descredenciado pela pr√≥pria Capes em 2017 por n√£o ter atingido a nota m√≠nima para continuar em funcionamento. 
 O curso de mestrado ""Sistema Constitucional de Garantias de Direitos"", coordenado por Queda de Toledo, recebeu nota 2 no geral. A avalia√ß√£o quadrienal da Capes compreende cinco se√ß√µes: ""proposta do programa"", ""corpo docente"", ""corpo discente"", ""teses e disserta√ß√µes"", ""produ√ß√£o intelectual"" e ""inser√ß√£o social"". 
 A Capes √© respons√°vel por avaliar os cursos de p√≥s-gradua√ß√£o, divulgar as informa√ß√µes cient√≠ficas, promover a coopera√ß√£o internacional e atuar na forma√ß√£o de professores da educa√ß√£o b√°sica. 
 Queda de Toledo obteve doutorado em direito constitucional em 2012 justamente pela faculdade onde coordena esse curso de mestrado, o Centro Universit√°rio de Bauru - e da qual hoje √© reitora. 
 A entidade tinha antes o nome de Instituto Toledo de Ensino (ITE) e foi fundada no interior paulista por Ant√¥nio Eufr√°sio de Toledo nos anos 1950. 
Milton Ribeiro e Andr√© Mendon√ßa
 Foi no antigo ITE que o ministro da Educa√ß√£o, Milton Ribeiro, se formou em direito em 1990. Outro integrante do governo Jair Bolsonaro que se graduou no curso da institui√ß√£o √© o advogado-geral da Uni√£o e ex-ministro da Justi√ßa Andr√© Mendon√ßa, em 1993. 
 O relat√≥rio da Plataforma Sucupira diz que, no curso coordenado por Queda de Toledo no Centro Universit√°rio de Bauru, ""35% dos docentes n√£o ofereceram disciplinas, 20% n√£o participou em projetos de pesquisa e 23% n√£o orientou discentes"". 
 Quesitos da avalia√ß√£o sobre corpo docente e produ√ß√£o intelectual receberam conceito fraco. 
 A nota 2 foi mantida mesmo ap√≥s pedido de reconsidera√ß√£o meses depois. ""Mant√©m-se a nota considerando os crit√©rios m√≠nimos estabelecidos no documento de √°rea. Embora se considere a import√¢ncia e a hist√≥ria do curso para a regi√£o, n√£o se observou um crescimento do programa em rela√ß√£o √† √°rea."" 
 Notas ""0"", ""1"" e ""2"" na avalia√ß√£o quadrienal da Capes descredenciam um curso e t√™m recomenda√ß√£o para fechar. Desempenho com avalia√ß√£o ""3"" ou ""4"" √© considerado como m√©dio e o curso pode funcionar. A nota m√°xima √© 7. 
 A nova presidente da Capes, Cl√°udia Mansani Queda de Toledo ‚Äî Foto: Twitter do ministro Milton Ribeiro 
 Em publica√ß√£o no ""Di√°rio Oficial da Uni√£o"" de 17 de junho de 2020, um dia antes da sa√≠da de Abraham Weintraub do Minist√©rio da Educa√ß√£o, o curso ""Sistema Constitucional de Garantias de Direitos"" no Centro Universit√°rio de Bauru constou com novo parecer, nota 4, e apto para voltar ao sistema. 
 Queda de Toledo tamb√©m √© advogada, s√≥cia do escrit√≥rio Tortoro, Madureira e Ragazzi. O G1 enviou mensagem no e-mail que consta em sua p√°gina de apresenta√ß√£o no site do escrit√≥rio solicitando coment√°rios sobre a avalia√ß√£o na plataforma Sucupira para o curso coordenado por ela. 
 O ministro Ribeiro havia dito que o pr√≥ximo presidente da Capes seria ""um profissional de perfil t√©cnico e acad√™mico"". Ele fez postagem no Twitter na quinta (15) para anunciar a escolha de Queda de Toledo: 
 Anuncio a professora Dra. Cl√°udia Queda de Toledo como nova Presidente da CAPES.A escolha se d√° pelo seu compromisso com a comunidade acad√™mica e cient√≠fica em sua trajet√≥ria como reitora, coordenadora de p√≥s-gradua√ß√£o e professora.1/2 pic.twitter.com/jWJcMcwCJn 
 Ela entra no lugar de Benedito Guimar√£es Aguiar Neto, exonerado na √∫ltima segunda. Aguiar, nomeado na gest√£o Abraham Weintraub, provocou grandes cr√≠ticas por ser defensor do criacionismo, teoria que se baseia na f√© na cria√ß√£o divina, ou seja, que Deus criou a vida. 
 Na carta de inten√ß√µes como nova presidente da Capes, Queda de Toledo diz que um dos objetivos √© a manuten√ß√£o quadrienal como instrumento de qualifica√ß√£o da institui√ß√£o. 
Veja mais v√≠deos de Educa√ß√£o
O que aconteceu hoje, diretamente no seu e-mail
Obrigado!
 Voc√™ acaba de se inscrever na newsletter Resumo do dia. 
Veja tamb√©m




"
"Sisu divulga aprovados e abre lista de espera; veja como consultar";S√£o mais de 209 mil vagas, distribu√≠das em 5.685 mil cursos de gradua√ß√£o.;https://g1.globo.com/educacao/noticia/2021/04/16/sisu-apos-falsa-largada-sistema-divulga-nesta-sexta-o-resultado-para-vagas-em-universidades-publicas.ghtml;['educacao'];" Por G1 
 Por G1 
  16/04/2021 05h00    Atualizado  16/04/2021    
 Selecionados do Sisu foram anunciados na manh√£ desta sexta (16) ‚Äî Foto: Reprodu√ß√£o 
 O Minist√©rio da Educa√ß√£o divulgou os resultados do Sistema de Sele√ß√£o Unificada (Sisu) para vagas em universidades e institui√ß√µes de ensino p√∫blicas de todo o pa√≠s. Veja o site. 
 Neste ano foram ofertadas 209.190 mil vagas, distribu√≠das em 5.685 mil cursos de gradua√ß√£o. 
 Candidatos que n√£o forem chamados nesta etapa poder√£o entrar em uma lista de espera que abre tamb√©m nesta sexta: 
a lista aceita inscri√ß√µes at√© o pr√≥ximo dia 23 (sexta da pr√≥xima semana)no sistema, o candidato deve clicar no bot√£o que corresponde √† confirma√ß√£o de interesse em participar da lista de esperao aluno poder√° manifestar interesse para a lista da primeira ou da segunda op√ß√£o de curso escolhida em sua inscri√ß√£oimportante: confirme a solicita√ß√£o. Ao finalizar a manifesta√ß√£o, o sistema emitir√° uma mensagem de confirma√ß√£oo an√∫ncio dos aprovados na lista √© feito diretamente pelas institui√ß√µes de ensino que ofertam as vagas
 As matr√≠culas ser√£o realizadas entre a pr√≥xima segunda (19) e 23 de abril. A documenta√ß√£o necess√°ria √© informada pela institui√ß√£o de ensino. 
 O MEC disponibiliza o telefone 0800-616161 para d√∫vidas dos candidatos. 
 Estudantes comemoraram a aprova√ß√£o nas redes: 
 Aaaaa passei üôè obrigado Sisu por me dar a melhor not√≠cia da minha vida ‚ù§Ô∏è Vou ter um treco üò≠ pic.twitter.com/01aBBVAe1T 
 Aprovada em QU√çMICA na UNIFEI Oficialmente bixete ü•∫‚ù§Ô∏è 
 GENTE üò≠üò≠üò≠üò≠üò≠üò≠üò≠üò≠üò≠üò≠ UFV EU TO CHEGANDO EU VENCI O SISU pic.twitter.com/0lzhkmpTH3 
 Vou dormir em paz agora Deus √© pai 
Brecha pelo QR Code
 Na v√©spera do an√∫ncio, candidatos disseram nas redes sociais que conseguiram visualizar antecipadamente os resultados via uma brecha no QR Code. 
 Contatado pelo G1, o Minist√©rio da Educa√ß√£o (MEC) n√£o respondeu se houve uma falha e se os resultados visualizados representavam a classifica√ß√£o real dos estudantes. 
 Segundo os relatos, a brecha era explorada da seguinte forma: 
no site do Sisu, o candidato logado tinha uma op√ß√£o para imprimir seu comprovante de inscri√ß√£oao clicar nesse bot√£o, aparecia uma op√ß√£o de QR Code tanto para primeira quanto para a segunda op√ß√£o de curso + universidade usando um leitor de QR Code, o candidato visualizava o que seria sua classifica√ß√£o na chamada regular do Sisu
 A estudante Anna Rosa Barbosa, 20 anos, de Macap√° (AP), disse que descobriu por acaso a possibilidade de acesso ao ver uma postagem no Twitter. 
 Ela conta que concorre a uma vaga em ci√™ncias biol√≥gicas (primeira op√ß√£o) e gastronomia (segunda), ambos os cursos na Universidade Federal da Para√≠ba (UFPB). De acordo com o que apareceu para a candidata, ela teria sido aprovada na segunda op√ß√£o. 
 Resultados de classifica√ß√£o do Sisu que aparecem para candidata antecipadamente ‚Äî Foto: Arquivo pessoal 
Turbul√™ncias no Sisu 2021
 Em menos de uma semana, o MEC prorrogou o prazo final de inscri√ß√µes e derrubou o sistema que foi chamado de ""nota fantasma"" ou ""dupla classifica√ß√£o"". 
 Na pr√°tica, a pasta anunciou a retomada do formato que era adotado at√© 2019. O MEC declarou que a mudan√ßa atende a ""apelos contr√°rios"" ao sistema usado em 2020 e mantido inicialmente neste ano ‚Äì mas nega que o c√°lculo diferente tenha levado a alguma ocupa√ß√£o indevida de vagas no ensino superior. 
 Antes de ser encerrada pelo MEC, a ""nota fantasma"" chegou a ser alvo de representa√ß√µes de deputados federais e de uma a√ß√£o conjunta movida por entidades estudantis. 
Nota do Enem serve como vestibular em universidades p√∫blicas e privadas, al√©m de dar acesso a bolsas e financiamentosInep afirma que n√£o h√° irregularidades nas notas da reda√ß√£o do Enem 2020
 O m√©todo de ""dupla classifica√ß√£o"" ou ""nota fantasma"" funcionava da seguinte forma: 
O Sisu √© um sistema que usa as notas do Enem para que candidatos tentem uma vaga nas universidades p√∫blicas brasileirasDurante os 4 dias em que o Sisu fica aberto para inscri√ß√µes, os estudantes podem mudar livremente as duas op√ß√µes de curso + universidade que indicam em seu perfil (embora, ao final, a matr√≠cula ser√° feita em apenas uma delas)O sistema √© frequentemente comparado a um leil√£o. A pontua√ß√£o dos candidatos que se inscrevem em um curso vai determinar a nota de corteOu seja, nesse per√≠odo de 4 dias, a entrada de candidatos com pontua√ß√µes altas pode alterar a lista de aprovados de uma hora para outra e, consequentemente, a nota de corteAt√© 2020, a concorr√™ncia pelas vagas s√≥ levava em conta a primeira op√ß√£o assinalada pelo candidato. Mas, no Sisu passado, o MEC introduziu sem aviso um novo modelo em que as duas op√ß√µes s√£o computadas na disputa por vagasComo a matr√≠cula s√≥ ser√° feita em apenas uma op√ß√£o de curso + universidade, o desempenho no Enem de um candidato podia inflar artificialmente as notas de corte j√° que a outra escolha do aluno n√£o valer√° ap√≥s o fechamento do sistema
Veja v√≠deos de Educa√ß√£o
O que aconteceu hoje, diretamente no seu e-mail
Obrigado!
 Voc√™ acaba de se inscrever na newsletter Resumo do dia. 
Veja tamb√©m




"
STF tem 2 votos para suspender trechos dos decretos de armas;;https://g1.globo.com/politica/noticia/2021/04/16/stf-julgamento-decretos-armas.ghtml;['politica'];" Por M√°rcio Falc√£o, TV Globo ‚Äî Bras√≠lia 
 Por M√°rcio Falc√£o, TV Globo ‚Äî Bras√≠lia 
  16/04/2021 08h29    Atualizado  16/04/2021    
 O Supremo Tribunal Federal (STF) come√ßou a julgar nesta sexta-feira (16) a validade de quatro decretos editados pelo presidente Jair Bolsonaro que flexibilizaram a compra de armas. 
 Os decretos entraram parcialmente em vigor na ter√ßa (13). Isso porque, na segunda (12), a ministra Rosa Weber suspendeu parte dos decretos, atendendo a um pedido da oposi√ß√£o. Agora, o plen√°rio do STF julgar√° se mant√©m ou derruba a decis√£o da ministra. Entre outros pontos, ela suspendeu a possibilidade de aquisi√ß√£o de at√© seis armas de fogo de uso permitido por civis e oito armas por agentes estatais. 
 >> Entenda ao final desta reportagem o que est√° em vigor e o que est√° suspenso. 
 O julgamento acontece em plen√°rio virtual, no qual os ministros inserem os votos no sistema eletr√¥nico, sem a necessidade de uma sess√£o ser convocada para a an√°lise do tema. O prazo termina no pr√≥ximo dia 26. At√© a √∫ltima atualiza√ß√£o desta reportagem, dois ministros j√° haviam votado: 
Rosa Weber: pela suspens√£o dos trechos;Edson Fachin: pela suspens√£o dos trechos.
 Paralelamente √†s a√ß√µes no Supremo, a oposi√ß√£o tamb√©m tenta derrubar no Congresso Nacional os decretos de Bolsonaro. 
 Decretos presidenciais regulamentam leis em vigor e n√£o precisam de aprova√ß√£o do Congresso. Parlamentares podem, contudo, apresentar projetos de decreto legislativo a fim de suspender os atos do presidente da Rep√∫blica. 
 A oposi√ß√£o apresentou esses projetos, mas o Senado decidiu n√£o votar o tema at√© que o Supremo tome uma decis√£o. 
 O relator, senador Marcos do Val (Pode-ES), apresentou parecer favor√°vel √† manuten√ß√£o dos decretos, acatando os trechos derrubados por Rosa Weber. Ele prop√¥s, portanto, que todos os itens n√£o exclu√≠dos pela ministra sigam valendo. 
 Rosa Weber suspende trechos dos decretos de armas de Bolsonaro que entraram em vigor nesta ter√ßa 
A decis√£o de Rosa Weber
 Rosa Weber afirmou que os decretos assinados por Bolsonaro em fevereiro fragilizam o Estatuto do Desarmamento, em vigor desde 2003. 
 ""In√∫meros estudos, nacionais e internacionais, p√∫blicos e privados, apoiados por expressiva maioria da comunidade cient√≠fica mundial, revelam uma inequ√≠voca correla√ß√£o entre a facilita√ß√£o do acesso da popula√ß√£o √†s armas de fogo e o desvio desses produtos para as organiza√ß√µes criminosas, mil√≠cias e criminosos em geral, por meio de furtos, roubos ou com√©rcio clandestino, aumentando ainda mais os √≠ndices gerais de delitos patrimoniais, de crimes violentos e de homic√≠dios"", escreveu. 
 A ministra afirmou que n√£o √© poss√≠vel suspender os decretos na √≠ntegra, como pediram os partidos, porque isso deixaria lacunas na legisla√ß√£o que trata do controle das armas. 
 Isso porque, conforme Rosa Weber, os atos estabelecem par√¢metros normativos a serem observados pela Pol√≠cia Federal e pelo Comando do Ex√©rcito para fins de cadastro e registro de armas de fogo; autoriza√ß√£o para aquisi√ß√£o e porte de armas e muni√ß√µes; fabrica√ß√£o; com√©rcio; importa√ß√£o e exporta√ß√£o desses produtos; regula√ß√£o das atividades dos ca√ßadores, atiradores desportivos e colecionadores; e renova√ß√£o do registro e do porte. 
 Rosa Weber apontou ainda que alguns trechos dos decretos n√£o podem ser suspensos porque foram questionados de forma gen√©rica, sem fundamenta√ß√£o adequada. 
 Decretos que facilitam acesso a armas entram em vigor, sem trechos suspensos pelo STF 
O que est√° em vigor
 Saiba abaixo quais regras dos decretos est√£o em vigor, conforme a decis√£o de Rosa Weber: 
membros das For√ßas Armadas poder√£o adquirir insumos para recarga de at√© cinco mil cartuchos das armas de fogo registradas em seu nome anualmente;Poder Judici√°rio, Minist√©rio P√∫blico e a Receita Federal est√£o autorizados a comprar e a importar armamento de uso restrito, mediante autoriza√ß√£o do Comando do Ex√©rcito;corpos de bombeiros militares, guarda municipais, Receita Federal mediante aprova√ß√£o pr√©via ao Comando do Ex√©rcito poder√£o importar armas de fogo, muni√ß√µes e demais produtos controlados;colecionadores, atiradores e ca√ßadores (CACs) poder√£o portar uma arma de fogo de porte de seu acervo municiada, alimentada e carregada no trajeto entre o local em que realizam a atividade de tiro;retira a proibi√ß√£o de colecionar armas semiautom√°ticas;declara√ß√£o da pr√≥pria institui√ß√£o atestar√° o cumprimento dos requisitos legais necess√°rios ao porte e aquisi√ß√£o de armas dos servidores integrantes das carreiras da Receita Federal, do Poder Judici√°rio e do Minist√©rio P√∫blico.
 Al√©m disso, entre as normas estabelecidas nos decretos, est√° a autoriza√ß√£o para que as seguintes categorias possam adquirir e importar armas de fogo, muni√ß√µes e demais produtos controlados, cuja fiscaliza√ß√£o do uso cabe ao Ex√©rcito Brasileiro: 
integrantes das For√ßas Armadas;policiais federais, rodovi√°rios federais, civis, militares e bombeiros militares;policiais penais federais, estaduais e distrital;guardas municipais;agentes operacionais da ABIN e da √°rea de seguran√ßa do Gabinete de Seguran√ßa Institucional da Presid√™ncia da Rep√∫blica;integrantes do quadro efetivo dos agentes e guardas prisionais, integrantes das escoltas de presos e as guardas portu√°rias;atletas das entidades de desporto legalmente constitu√≠das;auditores e t√©cnicos da Receita Federal;membros da √°rea de seguran√ßa do Poder Judici√°rio e do Minist√©rio P√∫blico.
 As novas regras tamb√©m autorizam o Instituto Brasileiro do Meio Ambiente e dos Recursos Naturais Renov√°veis (Ibama) e o Instituto Chico Mendes de Conserva√ß√£o da Biodiversidade (ICMBio) a adquirir a mesma categoria de armamentos. 
 Estudo descobre que armas apreendidas em quatro crimes diferentes tiveram origem no mesmo roubo a cofre 
O que foi suspenso por Rosa Weber?
 Veja, na lista abaixo, quais regras foram suspensas por Rosa Weber: 
fim do controle feito pelo Comando do Ex√©rcito sobre categorias de muni√ß√µes e acess√≥rios para armas;autoriza√ß√£o para a pr√°tica de tiro recreativo em entidades e clubes de tiro, independentemente de pr√©vio registro dos praticantes. Quando se trata de um produto controlado, o comando do Ex√©rcito √© respons√°vel por fiscalizar, regulamentar e autorizar o uso, a comercializa√ß√£o e a fabrica√ß√£o;possibilidade de aquisi√ß√£o de at√© seis armas de fogo de uso permitido por civis e oito armas por agentes estatais com simples declara√ß√£o de necessidade, revestida de presun√ß√£o de veracidade;comprova√ß√£o pelos CACs da capacidade t√©cnica para o manuseio de armas de fogo por laudo de instrutor de tiro desportivo;dispensa de credenciamento na Pol√≠cia Federal para psic√≥logos darem laudos de comprova√ß√£o de aptid√£o psicol√≥gica a CACs;dispensa de pr√©via autoriza√ß√£o do Comando do Ex√©rcito para que os CACs possam adquirir armas de fogo;aumento do limite m√°ximo de muni√ß√£o que pode ser adquiridas, anualmente, pelos CACs;possibilidade de o Comando do Ex√©rcito autorizar a aquisi√ß√£o pelos CACs de muni√ß√µes em n√∫mero superior aos limites pr√©-estabelecidos;aquisi√ß√£o de muni√ß√µes por entidades e escolas de tiro em quantidade ilimitada;pr√°tica de tiro desportivo por adolescentes a partir dos 14 anos de idade completos;validade do porte de armas para todo territ√≥rio nacional;porte de tr√¢nsito dos CACs para armas de fogo municiadas;porte simult√¢neo de at√© duas armas de fogo por cidad√£os. No mesmo decreto, Bolsonaro tamb√©m permitia que policiais, agentes prisionais, membros do Minist√©rio P√∫blico e de tribunais comprassem duas armas de fogo de uso restrito, al√©m das seis de uso permitido. Rosa Weber tamb√©m suspendeu esse trecho.
O que aconteceu hoje, diretamente no seu e-mail
Obrigado!
 Voc√™ acaba de se inscrever na newsletter Resumo do dia. 
Veja tamb√©m




"
Maior produtor mundial de vacinas pede a Biden que encerre embargo;;https://g1.globo.com/bemestar/vacina/noticia/2021/04/16/maior-produtor-mundial-de-vacinas-pede-a-biden-que-encerre-embargo-de-materias-primas-dos-eua.ghtml;['bemestar', 'vacina'];" Por Lucas Sampaio, G1 
 Por Lucas Sampaio, G1 
  16/04/2021 09h52    Atualizado  16/04/2021    
 Laborat√≥rio do Instituto Serum da √çndia, o maior fabricante mundial de vacinas, na cidade em Pune, em foto de 21 de janeiro de 2021 ‚Äî Foto: Rafiq Maqbool/AP 
 O chefe da maior fabricante de vacinas do mundo pediu nesta sexta-feira (16) ao presidente dos Estados Unidos, Joe Biden, que suspenda a proibi√ß√£o de exporta√ß√£o de mat√©rias-primas para conseguir fazer mais vacinas contra a Covid-19. 
""Respeit√°vel presidente dos EUA, se quisermos realmente nos unir para vencer este v√≠rus, em nome da ind√∫stria de vacinas fora dos EUA, eu humildemente solicito que levantem o embargo √†s exporta√ß√µes de mat√©ria-prima para que a produ√ß√£o de vacinas possa aumentar"", afirmou Adar Poonawalla.
 Poonawalla √© presidente-executivo e dono do Instituto Serum, da √çndia. A empresa tem um acordo para fornecer 1,1 bilh√£o de doses para a Covax, coaliz√£o de mais de 150 pa√≠ses liderada pela OMS (Organiza√ß√£o Mundial da Sa√∫de) para adquirir e distribuir vacinas contra a Covid-19 a pa√≠ses pobres. 
 O pedido incomum do CEO do Instituto Serum, feito em um rede social e marcando a conta oficial da presid√™ncia dos EUA, ainda n√£o foi respondido por Biden. 
 Maior produtora de vacinas do mundo em volume, o Instituto Serum fabrica a vacina de Oxford/AstraZeneca que √© exportada para outros pa√≠ses al√©m do Reino Unido e da Europa (o Brasil adquiriu 2 milh√µes de doses do imunizante em janeiro) e tamb√©m a Novavax. 
 Poonawalla havia dito anteriormente √† ag√™ncia de not√≠cias Associated Press que n√£o contar com fornecedores americanos poderia resultar em um atraso de at√© seis meses na produ√ß√£o da Novavax. 
 Que vacina √© essa? Novavax 
 Especialistas temem que o uso da Lei de Produ√ß√£o de Defesa pelos EUA, para impulsionar a produ√ß√£o de vacinas no pa√≠s, esteja resultando na interrup√ß√£o das exporta√ß√µes de mat√©rias-primas consideradas cr√≠ticas ‚Äî o que est√° prejudicando a produ√ß√£o de vacinas em outras partes do mundo. 
 St√©phane Bancel, diretor-executivo da farmac√™utica americana Moderna, disse na ter√ßa-feira (13) em um evento online que os embargos √† exporta√ß√£o tamb√©m estavam impedindo os fabricantes americanos de vacinas a exportar vacinas, resultando em escassez. 
 Que vacina √© essa? Moderna 
Ajuda de R$ 2,2 bilh√µes
 A fabricante indiana tem lutado para atender √† demanda mundial por vacina depois que o governo indiano freou a exporta√ß√£o dos imunizantes para privilegiar a sua pr√≥pria campanha de vacina√ß√£o. 
 Na semana passada, Poonawalla pediu ao governo indiano um financiamento adicional de 30 bilh√µes de rupias (US$ 408 milh√µes ou R$ 2,2 bilh√µes) para aumentar sua capacidade de produ√ß√£o. ""O mundo precisa desta vacina e neste momento estamos dando prioridade √†s necessidades da √çndia"". 
 O CEO da empresa disse que, sem o dinheiro das vacinas exportadas, estava enfrentando dificuldades para aumentar a capacidade de produ√ß√£o. Em fevereiro, ele j√° havia pedido que o mundo tivesse ""paci√™ncia"" com o envio das vacinas. 
 ""O Instituto Serum foi convocado a dar prioridade √†s enormes necessidades da √çndia e a encontrar um equil√≠brio com as necessidades do resto do mundo. Fazemos o poss√≠vel"", escreveu Poonawalla na ocasi√£o em suas redes sociais. 
 Que vacina √© essa? Oxford/AstraZeneca 
Vacina√ß√£o na √çndia
 O pa√≠s de 1,3 bilh√£o de habitantes enfrenta uma feroz segunda onda de Covid-19, com mais de 200 mil casos confirmados por dia, e passou o Brasil como a segunda na√ß√£o com mais infectados do mundo, depois dos EUA. 
 A √çndia √© o segundo pa√≠s do mundo, tamb√©m depois dos EUA, a superar a tr√°gica marca de 200 mil casos em um √∫nico dia. Nesta sexta-feira (16), registrou um novo recorde di√°rio: mais de 217 mil infectados. 
 √çndia bate novo recorde de infectados por Covid em 24 horas 
 A √çndia √© o terceiro pa√≠s que mais aplicou doses at√© o momento (117 milh√µes), atr√°s apenas de EUA (198 milh√µes) e China (183 milh√µes), segundo o Our World in Data, projeto ligado √† Universidade de Oxford. 
 O pa√≠s √© tamb√©m o terceiro em vacinas aplicadas por dia (m√©dia de 3,27 milh√µes na √∫ltima semana), atr√°s de China (4,06 milh√µes) e EUA (3,35 milh√µes). At√© fevereiro, a m√©dia di√°ria era inferior a 500 mil. 
 Mas h√° relatos de falta de doses em v√°rios estados, incluindo Maharashtra, o mais populoso e que tem concentrado o maior n√∫mero de infectados. Centros de vacina√ß√£o t√™m fechado mais cedo e recusam pessoas √† medida que os imunizantes acabam. 
 Aviso sobre falta de vacinas contra a Covid-19 em centro de vacina√ß√£o em Mumbai, na √çndia, em 8 de abril ‚Äî Foto: Francis Mascarenhas/Reuters 
 E o pa√≠s ainda tem uma vacina√ß√£o proporcional ainda pequena (8,49 doses a cada 100 habitantes), n√∫mero muito inferior ao dos EUA (59,30) e menor que o da m√©dia mundial (11,04) e at√© da China (12,75), pa√≠s mais populoso do mundo. 
A vacina de Oxford/AstraZeneca fabricada pelo Instituto Serum responde por mais de 90% das doses j√° administradas no pa√≠s.
 O governo disse nesta sexta-feira (16) que o pa√≠s possui cerca de 26,7 milh√µes de doses em estoque ‚Äîque, no ritmo de vacina√ß√£o atual, deve durar cerca de nove dias. 
Aumento na produ√ß√£o indiana
 Em meio √†s dificuldades enfrentadas, a √çndia se comprometeu nesta sexta-feira (16) a aumentar a produ√ß√£o mensal de sua pr√≥pria vacina contra a Covid-19, a Covaxin, em cerca de dez vezes. 
 A Coxavin √© produzida por outra fabricante indiana, a Bharat Biotech, e o governo prometeu ampliar a sua produ√ß√£o de 10 milh√µes por m√™s para quase 100 milh√µes de doses at√© setembro. 
 O Brasil assinou um contrato para comprar 20 milh√µes de doses da Covaxin em fevereiro, mas a Anvisa (Ag√™ncia Nacional de Vigil√¢ncia Sanit√°ria) negou a certifica√ß√£o de boas pr√°ticas √† Bharat Biotech. 
 O certificado √© requisito obrigat√≥rio para o imunizante ser usado no Brasil, o que inviabiliza o seu uso. A Sinovac, que desenvolveu a CoronaVac, a AstraZeneca, respons√°vel pela vacina de Oxford, a Pfizer e a Janssen, que produz a vacina da Johnson & Johnson, j√° obtiveram o aval da Anvisa. 
 Que vacina √© essa? Covaxin 
V√çDEOS: novidades sobre vacinas contra a Covid-19
O que aconteceu hoje, diretamente no seu e-mail
Obrigado!
 Voc√™ acaba de se inscrever na newsletter Resumo do dia. 
Veja tamb√©m




"
CPI da Pandemia: Eduardo Braga defende que Renan seja o relator;;https://g1.globo.com/politica/blog/gerson-camarotti/post/2021/04/16/eduardo-braga-recusa-convite-para-ser-relator-da-cpi-da-covid-e-declara-apoio-a-renan-calheiros.ghtml;['politica', 'blog', 'gerson-camarotti', 'post'];" Por Gerson Camarotti 
 Por Gerson Camarotti 
 Comentarista pol√≠tico da GloboNews, do Bom Dia Brasil, na TV Globo, e apresentador do GloboNews Pol√≠tica. √â colunista do G1 desde 2012
 
  16/04/2021 10h11    Atualizado  16/04/2021    
 O senador Eduardo Braga (MDB-AM) ‚Äî Foto: Marcos Oliveira/Ag√™ncia Senado 
 Convidado pelo senador Omar Aziz (PSD-AM) para ser o relator da CPI da Covid, o senador Eduardo Braga (MDB-AM) recusou o posto e defendeu que Renan Calheiros (MDB-AL) seja o relator. 
 Omar Aziz √© um dos integrantes da comiss√£o e, por acordo entre os partidos, dever√° assumir a presid√™ncia da CPI. Diante disso, j√° se adiantou e convidou Eduardo Braga para a relatoria. 
 A presid√™ncia da CPI ficaria com o MDB, maior bancada da Casa, mas o partido optou por escolher o relator. Com isso, o PSD, segunda maior bancada, ficar√° com a presid√™ncia, e o indicado dever√° ser Omar Aziz. 
 ""Irei apoiar Renan [Calheiros]"", disse Eduardo Braga ao rep√≥rter Nilson Klava, da GloboNews. 
 O grupo que representa seis senadores independentes e de oposi√ß√£o far√° uma reuni√£o virtual nesta sexta-feira √† tarde para bater o martelo. 
 Atendendo a uma determina√ß√£o do ministro Lu√≠s Roberto Barroso, do Supremo Tribunal Federal, o presidente do Senado, Rodrigo Pacheco (DEM-MG), criou a CPI na ter√ßa (13). 
 Um dia depois, na quarta (14), o plen√°rio do STF referendou a decis√£o de Barroso e, nesta quinta (15), Pacheco leu os nomes dos integrantes, √∫ltimo passo antes da instala√ß√£o. 
 A defesa do nome de Renan Calheiros para a relatoria, no entanto, √© motivo de preocupa√ß√£o no Pal√°cio do Planalto. 
 Omar Aziz j√° sinalizou que o senador Randolfe Rodrigues (Rede-AP), autor do pedido de cria√ß√£o da CPI, ser√° o vice-presidente da comiss√£o. 
 ‚ÄúDizem que o governo continua a n√£o querer (meu nome). Mas, eu acho que qualquer um dos seis serve. O Importante e mantermos esse n√∫cleo para darmos a dire√ß√£o da CPI‚Äù, disse Renan ao blog. 
O que aconteceu hoje, diretamente no seu e-mail
Obrigado!
 Voc√™ acaba de se inscrever na newsletter Resumo do dia. 
Veja tamb√©m




"
V√çDEOS para assistir agora;;https://g1.globo.com/playlist/videos-para-assistir-agora.ghtml;['playlist'];"¬†
¬†
¬†
"
Minist√©rio da Sa√∫de sugere adiar gravidez at√© pandemia melhorar;;https://g1.globo.com/bemestar/vacina/noticia/2021/04/16/ministerio-da-saude-vacina-covid-gravidas.ghtml;['bemestar', 'vacina'];" Por G1 
 Por G1 
  16/04/2021 12h07    Atualizado  16/04/2021    
 Mulher gr√°vida √© vista com roupas protetoras contra a Covid-19 em Nova York, no dia 27 de abril. ‚Äî Foto: Johannes Eisele / AFP 
 O secret√°rio de Aten√ß√£o Prim√°ria √† Sa√∫de do Minist√©rio da Sa√∫de, Raphael Parente, pediu, nesta sexta-feira (16), que as mulheres adiem a gravidez at√© haver uma melhora da pandemia, se for poss√≠vel. 
 ""Caso poss√≠vel, postergar um pouco a gravidez, para um melhor momento, em que voc√™ possa ter a sua gravidez de forma mais tranquila. A gente sabe que na √©poca do zika, durante um, dois anos, se teve uma diminui√ß√£o das gravidezes no Brasil, e depois aumentou. √â normal. √â √≥bvio que a gente n√£o pode falar isso para algu√©m que tem 42, 43 anos, mas para uma mulher jovem, que pode escolher um pouco ali o seu momento de gravidez, o mais indicado agora √© voc√™ esperar um pouquinho at√© a situa√ß√£o ficar um pouco mais calma"", disse o secret√°rio, que √© m√©dico e tem doutorado em ginecologia. 
 Parente justificou o pedido afirmando que a gravidez √©, por defini√ß√£o, uma condi√ß√£o que favorece as tromboses ‚Äì a forma√ß√£o de co√°gulos no sangue. A Covid-19 tamb√©m favorece a ocorr√™ncia de tromboses, o que pode tornar a doen√ßa ainda mais perigosa na gravidez. 
 No ano passado, o Centro de Controle de Doen√ßas dos Estados Unidos (CDC, na sigla em ingl√™s) j√° havia alertado que gr√°vidas corriam mais risco de desenvolver formas graves da Covid. 
Gr√°vidas em grupos de risco devem se vacinar
 Raphael Parente tamb√©m refor√ßou que, conforme portaria do Minist√©rio da Sa√∫de publicada no dia 15 de mar√ßo, mulheres gr√°vidas que tenham doen√ßas pr√©vias t√™m recomenda√ß√£o de receber uma vacina contra a Covid-19 e j√° podem ir aos postos se vacinar.  
 As gr√°vidas que n√£o t√™m doen√ßas tamb√©m podem ser vacinadas depois de passar por uma avalia√ß√£o de risco e benef√≠cios. 
 Segundo as novas orienta√ß√µes, √© recomendado que as gestantes com as seguintes condi√ß√µes pr√©vias sejam vacinadas: 
diabeteshipertens√£o arterial cr√¥nicaobesidade (IMC maior ou igual a 30)doen√ßa cardiovascularasma br√¥nquicaimunossuprimidastransplantadasdoen√ßas renais cr√¥nicasdoen√ßas autoimunes
 A vacina√ß√£o de gr√°vidas, com ou sem doen√ßas pr√©vias, deve seguir o calend√°rio de vacina√ß√£o dos grupos priorit√°rios, dispon√≠veis no Plano Nacional de Vacina√ß√£o contra a Covid-19. 
 A vacina tamb√©m pode ser dada a mulheres no puerp√©rio (per√≠odo de at√© 60 dias ap√≥s o parto) e que estejam amamentando (lactantes). As lactantes n√£o devem interromper o aleitamento ao receber a vacina e podem doar leite mesmo vacinadas. 
 No caso de lactantes e pu√©rperas, as mulheres devem pertencer a um dos grupos priorit√°rios listados no Plano Nacional de Vacina√ß√£o, divulgado em janeiro. O documento listava 29 grupos com prioridade e n√£o inclu√≠a gestantes. 
O que aconteceu hoje, diretamente no seu e-mail
Obrigado!
 Voc√™ acaba de se inscrever na newsletter Resumo do dia. 
Veja tamb√©m




"
